{"utm_zero": [469215.7310679768, 5279020.265749208], "utm_end": [470270.48544269224, 5279796.496385784], "grid_size": [388, 527], "cell_size": 2.0}